fold,demo_distance,demo_name
F0,1,m_140843
F0,1,m_140858
F0,2,m_141043
F0,2,m_141205
F0,3,m_131108
F0,3,m_133607
F0,4,m_131404
F0,4,m_141554
F0,5,m_141812
F0,5,m_141857
F1,1,m_130919
F1,1,m_140811
F1,2,m_141114
F1,2,m_141150
F1,3,m_133637
F1,3,m_141325
F1,4,m_141609
F1,4,m_153723
F1,5,m_141826
F1,5,m_141947
F2,1,m_140710
F2,1,m_140726
F2,2,m_131600
F2,2,m_131703
F2,3,m_141254
F2,3,m_141444
F2,4,m_141538
F2,4,m_153706
F2,5,m_141843
F2,5,m_141914
F3,1,m_130824
F3,1,m_130957
F3,2,m_131719
F3,2,m_141130
F3,3,m_133622
F3,3,m_141514
F3,4,m_141625
F3,4,m_153738
F3,5,m_133903
F3,5,m_133931
F4,1,m_140827
F4,1,m_140946
F4,2,m_141027
F4,2,m_141059
F4,3,m_131154
F4,3,m_133711
F4,4,m_141642
F4,4,m_141658
F4,5,m_131256
F4,5,m_133917
