demo_distance,demo_name
1,m_130919
1,m_130957
1,m_140710
1,m_140726
1,m_140811
1,m_140843
1,m_140946
1,m_141001
1,m_085551
1,m_101613
2,m_131600
2,m_131703
2,m_131719
2,m_141027
2,m_141059
2,m_141114
2,m_141130
2,m_141222
2,m_085734
2,m_101752
3,m_131108
3,m_131154
3,m_141325
3,m_141514
3,m_133607
3,m_133622
3,m_133711
3,m_101901
3,m_101919
3,m_102009
4,m_131404
4,m_141538
4,m_141554
4,m_141609
4,m_141625
4,m_141642
4,m_141658
4,m_085927
4,m_085954
4,m_090009
4,m_090125
5,m_141812
5,m_141826
5,m_141843
5,m_141857
5,m_141914
5,m_141947
5,m_133903
5,m_133917
5,m_133931
5,m_090203
